date,value
20211111,9
20210716,6
20210711,9
20211211,6
20210216,8
20210515,9
20210414,3
20211210,4
20210222,3
20210307,4
20210721,4
20210911,5
20210509,5
20210423,9
20210621,9
20210807,8
20210406,7
20210616,9
20210112,4
20210904,4
20210625,5
20210929,4
20210817,3
20210310,6
20210813,11
20211015,6
20210705,8
20210620,9
20210819,7
20211217,8
20210321,4
20211006,3
20211116,4
20210608,4
20210913,5
20210720,4
20210304,6
20210815,4
20210405,7
20210401,2
20210317,1
20210131,5
20210126,4
20210428,6
20211113,7
20210402,3
20211215,1
20211213,1
20210707,5
20210622,9
20210814,9
20210512,7
20210430,5
20210822,2
20210907,6
20210319,3
20210612,4
20210411,3
20210628,6
20211027,2
20211117,4
20210630,6
20210404,8
20210806,5
20210209,1
20210425,5
20210624,3
20210722,2
20211202,5
20210525,7
20210908,4
20210816,4
20210325,3
20210502,8
20210702,5
20210915,3
20211212,8
20210828,7
20210802,5
20210522,9
20210427,4
20210906,6
20210611,11
20210408,6
20210501,5
20211012,2
20210613,5
20211227,5
20210916,4
20211201,7
20210805,9
20210804,8
20210912,5
20211222,5
20210308,3
20210309,3
20211218,7
20210330,8
20210314,6
20210207,3
20210614,8
20210920,4
20210105,1
20210523,9
20210930,3
20210424,14
20210526,5
20210302,5
20210718,7
20210118,4
20211102,2
20210528,6
20210812,7
20210215,3
20211017,5
20210530,4
20210731,7
20210412,3
20210629,8
20210518,4
20210511,6
20210417,4
20211230,2
20210924,5
20211002,6
20210704,12
20210119,3
20210715,7
20210605,6
20210127,1
20211031,9
20210619,10
20210926,2
20210901,4
20210730,8
20210313,5
20210203,2
20210104,3
20210825,4
20210826,2
20211028,7
20211205,3
20211106,5
20210701,6
20210830,7
20211216,5
20210821,6
20211219,3
20210506,11
20210227,6
20210922,5
20211119,3
20210618,4
20210426,4
20211109,5
20211019,4
20210811,4
20210905,9
20211108,8
20210206,4
20210527,6
20210510,3
20210110,4
20211001,7
20210106,2
20210531,10
20210420,3
20211228,1
20210923,5
20210903,7
20211003,8
20210712,5
20210221,3
20211016,4
20210919,4
20210517,6
20210831,11
20210928,7
20211209,4
20210829,6
20210719,5
20210615,3
20210201,6
20210623,3
20210410,2
20210820,1
20210808,4
20210607,6
20210116,4
20210710,2
20210818,4
20211013,5
20211127,5
20210728,2
20210602,4
20210327,8
20210228,3
20210223,4
20210416,5
20211121,9
20211025,4
20210823,4
20211220,3
20210429,8
20211214,3
20210717,4
20211124,2
20210320,2
20210723,4
20210212,4
20211030,3
20210902,3
20210407,3
20211026,1
20211231,5
20210505,3
20211101,2
20211009,3
20210713,4
20211023,4
20210210,1
20210305,1
20210419,4
20210910,4
20210328,5
20211203,7
20210803,4
20210415,4
20210224,4
20210917,3
20210504,4
20211206,4
20211118,6
20210627,7
20211110,5
20210521,3
20210421,9
20210507,5
20211005,1
20211226,5
20211122,6
20211004,6
20210925,4
20210508,5
20210708,4
20210103,3
20210204,1
20210706,5
20211014,8
20210520,5
20210403,3
20210220,2
20211021,5
20210918,9
20210809,5
20210726,8
20210703,4
20210111,2
20211224,3
20210827,5
20210101,8
20210514,5
20210130,2
20211126,4
20211204,6
20210610,2
20210626,3
20210709,5
20210315,5
20210606,7
20210323,1
20210714,5
20211207,2
20210519,6
20210418,6
20210914,3
20210603,5
20211114,3
20211130,2
20210122,2
20211223,2
20210409,4
20210724,3
20210601,2
20211103,2
20210213,1
20210102,4
20210123,4
20210226,6
20210109,2
20210413,3
20210617,3
20210524,4
20211221,3
20211022,5
20210124,3
20210516,3
20211105,7
20211112,1
20210921,3
20210312,3
20210927,5
20211129,2
20210513,6
20211128,3
20211010,5
20210324,3
20210218,2
20210604,3
20210801,5
20211007,4
20210311,4
20211024,3
20210208,2
20210326,3
20211020,2
20210225,2
20211018,3
20211125,3
20210729,3
20210107,2
20210810,3
20211115,4
20210115,1
20210725,2
20210316,1
20210318,1
20210609,1
20210108,2
20210214,3
20210217,1
20211229,2
20211225,1
20211104,1
20211123,3
20211008,1
20210113,2
20210202,2
20211107,1
20211011,2
20210322,1
20210727,2
20210503,2
20210303,1
20211120,1
20210114,1
20210125,1
20210329,1
20210129,1
20210422,1
20210306,1
20210301,1
20210529,1
20210117,1
20210824,1
20200612,5
20071007,6
20120826,8
20130107,6
20130721,9
20200706,4
20100812,2
20151217,4
20150122,4
20180527,6
20110530,13
20181104,7
20180920,3
20181002,2
20180921,5
20181128,2
20181003,5
20180915,5
20170105,1
20120117,1
20120709,9
20120909,4
20181025,2
20151214,5
20100903,10
20100731,12
20131120,2
20091025,8
20060315,1
20101022,3
20200806,6
20170805,2
20071008,7
20091019,3
20060916,9
20131112,2
20081111,5
20200516,7
20070709,4
20060110,3
20091012,6
20120111,3
20100327,5
20060817,6
20160716,6
20161223,2
20191112,1
20200530,7
20060601,4
20060613,2
20070319,4
20101127,3
20200803,9
20100811,4
20200813,6
20150723,6
20091217,4
20121007,3
20060726,7
20100729,4
20101028,8
20100311,5
20160117,3
20190313,1
20120722,6
20180312,1
20160406,2
20190918,2
20070824,6
20070105,5
20190528,5
20100101,8
20130309,4
20060704,7
20150526,9
20121113,4
20160905,7
20061219,2
20160703,7
20180703,3
20151012,1
20180209,3
20090924,5
20170131,1
20180623,4
20140126,3
20070206,1
20071019,5
20090122,1
20110417,4
20071107,1
20161031,5
20070508,7
20170926,5
20070615,5
20101004,5
20090922,4
20200905,4
20120805,12
20100808,10
20101227,3
20110716,9
20090530,8
20071028,6
20160629,4
20080525,11
20070427,5
20091105,2
20080101,15
20170406,1
20150216,4
20171120,2
20110628,5
20200901,10
20071024,3
20080507,2
20200726,15
20120121,9
20100620,15
20140922,4
20100826,4
20081215,3
20160304,2
20130413,2
20200228,1
20120616,4
20131015,3
20130727,4
20100803,3
20120517,5
20191116,1
20101030,3
20090920,10
20160401,4
20161003,2
20151218,1
20080307,2
20090910,2
20130404,2
20180819,4
20060331,3
20110609,5
20060507,8
20110516,1
20160807,8
20131006,4
20190119,5
20191101,1
20101010,5
20160518,2
20070418,3
20090831,5
20121020,3
20080726,15
20160326,2
20071118,6
20101026,5
20070402,4
20200809,12
20200627,17
20151125,5
20100908,3
20150821,4
20130424,3
20140906,6
20140917,2
20081218,2
20080308,4
20161017,2
20160427,3
20101005,4
20200406,5
20170625,4
20160704,13
20061121,3
20161120,2
20200927,7
20110727,7
20070526,11
20070103,5
20140311,9
20110713,5
20110521,6
20060520,7
20060414,5
20200507,3
20110831,9
20160826,4
20111002,5
20120319,9
20111227,5
20170611,7
20191012,4
20120707,10
20160828,14
20200802,14
20081117,8
20140121,2
20200430,3
20071104,9
20070801,7
20160210,2
20080727,11
20130731,2
20070217,4
20100222,6
20191013,2
20070925,7
20080106,3
20201104,4
20190902,8
20090628,13
20150129,2
20080417,4
20080823,11
20140616,5
20061006,5
20060831,12
20101009,6
20111003,3
20200320,4
20080816,9
20110424,4
20120317,6
20120521,5
20180111,1
20090630,6
20120526,10
20080429,7
20140214,4
20200912,12
20060810,2
20110902,8
20101213,6
20190812,3
20120414,9
20090121,2
20170408,3
20060912,1
20090426,16
20100704,10
20060924,8
20120912,1
20140511,7
20060927,3
20060914,6
20161016,7
20121013,7
20060523,6
20130705,12
20190723,2
20170714,4
20171112,2
20130226,1
20201020,5
20071125,8
20180501,6
20110826,6
20170514,5
20131123,5
20200804,2
20140618,5
20121229,5
20150112,6
20090202,2
20080914,11
20071210,3
20120416,5
20130713,3
20090226,1
20120802,6
20111203,7
20100601,5
20200102,6
20080810,7
20061027,5
20071031,5
20140219,1
20070915,9
20130505,5
20080904,2
20190825,6
20101024,4
20150615,4
20110703,6
20060402,4
20150415,5
20061126,9
20110923,4
20160705,3
20140528,1
20070916,4
20150902,3
20171001,2
20150713,10
20200910,5
20061115,6
20091108,4
20110821,10
20060902,4
20201025,4
20130601,5
20150531,4
20060820,10
20170220,5
20090621,5
20060310,2
20150522,3
20111101,3
20060814,5
20090402,6
20070616,7
20200603,4
20170114,1
20160812,1
20110610,5
20091121,3
20131012,3
20100512,2
20080621,9
20170403,3
20100612,6
20110611,5
20060710,5
20090517,6
20090819,5
20060408,5
20110524,7
20080508,4
20190804,3
20090911,3
20080908,3
20081023,3
20091218,5
20110130,2
20100522,8
20160330,1
20200731,5
20180913,2
20081026,3
20061117,4
20200704,8
20200114,1
20170429,3
20061008,6
20100415,5
20090212,2
20080628,10
20080118,5
20070929,3
20200601,9
20110808,7
20140810,9
20091205,4
20070810,3
20090531,5
20140710,2
20060827,8
20150822,6
20080719,9
20120623,4
20140926,9
20180729,7
20150514,3
20080129,2
20150816,6
20140411,2
20060102,3
20181228,4
20061205,6
20080105,6
20120705,12
20181127,5
20150623,4
20120522,5
20081228,8
20200908,7
20150725,5
20070527,8
20180227,3
20090824,5
20200619,8
20150720,5
20070413,3
20110704,7
20160516,3
20121217,4
20080528,4
20200606,6
20101107,5
20111031,5
20130511,3
20100301,1
20090816,10
20090404,6
20140817,8
20150517,6
20100226,5
20171107,2
20061001,10
20081015,3
20160816,8
20060517,4
20120629,13
20130615,4
20141202,2
20120218,6
20111125,5
20200717,6
20120628,8
20160206,2
20111226,6
20130415,4
20061221,6
20110519,7
20090620,10
20140315,5
20200628,8
20070820,3
20060606,2
20180122,2
20160310,5
20071216,6
20200608,5
20070531,4
20100723,5
20090307,3
20080531,7
20110830,6
20101129,6
20091201,3
20141227,5
20150204,2
20110705,14
20080606,8
20060528,8
20061224,6
20200709,6
20201103,4
20070930,6
20160105,2
20180823,2
20150926,6
20110708,4
20081027,5
20131110,6
20171020,4
20200420,4
20190105,3
20140418,1
20090209,3
20100806,4
20080524,12
20090514,3
20150823,11
20180131,2
20180508,1
20110917,6
20070707,6
20060715,8
20100306,5
20120620,7
20190929,3
20070313,3
20081214,7
20061119,7
20070212,1
20200617,8
20070913,5
20101113,9
20110512,3
20120724,4
20060425,4
20170516,1
20110909,5
20161014,3
20150412,5
20140428,3
20080824,9
20130825,10
20060109,6
20091111,2
20070826,12
20201019,4
20130220,3
20080724,4
20141112,5
20201228,2
20090601,5
20100125,3
20060605,3
20110101,12
20190703,1
20161125,3
20100602,2
20130813,4
20201204,7
20060123,3
20091030,4
20060909,6
20121202,7
20080706,5
20200705,30
20071030,7
20060424,5
20200826,5
20130428,3
20070124,3
20130717,3
20081003,4
20190131,2
20130525,2
20090428,2
20080707,6
20150201,7
20201114,7
20060101,7
20100526,4
20060904,12
20060728,4
20170222,2
20170818,7
20110608,4
20070726,5
20170208,6
20061203,6
20070602,7
20070711,3
20170723,7
20131020,7
20110715,7
20141225,4
20061009,8
20090528,7
20200728,6
20100412,7
20200801,6
20130816,7
20060510,5
20120915,7
20200217,2
20181029,3
20130209,3
20150106,3
20120922,8
20160113,1
20091202,3
20150119,3
20070721,5
20150513,4
20110426,6
20091210,2
20140122,4
20170702,4
20190302,2
20070228,5
20141113,2
20121227,3
20201220,4
20101007,4
20110804,8
20130914,4
20100509,3
20140703,2
20140525,6
20090520,2
20191104,2
20130818,8
20080315,6
20090624,2
20140402,3
20061122,6
20120505,5
20110211,4
20130118,2
20070708,7
20090615,6
20170106,1
20080805,3
20070805,10
20090702,4
20200814,12
20190722,1
20140531,8
20070421,7
20170618,2
20140913,4
20080828,5
20090211,2
20190222,5
20201224,3
20140726,5
20170729,2
20100717,7
20160416,3
20201026,4
20130724,3
20200713,16
20180618,2
20071012,4
20110615,4
20100320,8
20111118,3
20061214,1
20170630,6
20081225,5
20080414,5
20180717,5
20080202,3
20131103,2
20060714,6
20141201,5
20080713,5
20080522,2
20080722,6
20130101,10
20160813,6
20181220,3
20140615,7
20170205,2
20140517,10
20190615,2
20110503,4
20131019,9
20151229,2
20061028,4
20090315,6
20060722,10
20080730,3
20081124,1
20080906,3
20140507,5
20080113,8
20100321,3
20060117,3
20141205,4
20060807,6
20190612,5
20081207,3
20091125,4
20110725,8
20181006,3
20110423,3
20120101,11
20060930,7
20140806,5
20140312,3
20191120,3
20080517,10
20100319,6
20150904,6
20201206,4
20150401,2
20150427,4
20131220,2
20070525,5
20110802,6
20160829,6
20190523,4
20121205,3
20110213,4
20191102,5
20090906,6
20130310,5
20060304,5
20201213,6
20070514,7
20200702,10
20080114,1
20080903,4
20080920,6
20060806,10
20201021,6
20181023,4
20081118,5
20180616,3
20090101,6
20150702,3
20160805,7
20150614,4
20150919,7
20090424,4
20060125,2
20141109,4
20200111,5
20090626,8
20080927,7
20160508,5
20110227,5
20190820,4
20130827,2
20130711,1
20061123,3
20100929,6
20160903,7
20110924,6
20081114,4
20201105,8
20091002,5
20071003,5
20200707,6
20100318,9
20130707,9
20110123,3
20110813,7
20100221,5
20110919,4
20060917,11
20101016,3
20100705,10
20080605,3
20180331,3
20130928,5
20120204,5
20200422,2
20090607,9
20100121,1
20110618,8
20121216,3
20111205,5
20131014,5
20090502,8
20190117,2
20080701,3
20070819,5
20060826,6
20081104,4
20071214,2
20091215,2
20131203,4
20201109,4
20140414,9
20190601,7
20100630,11
20090725,8
20120611,7
20121015,4
20080215,4
20200909,3
20060618,13
20120823,3
20140420,5
20080615,4
20140704,6
20081129,2
20070909,14
20110827,8
20070404,5
20150205,4
20101003,5
20150612,11
20070627,6
20060830,4
20121117,7
20080311,4
20070822,7
20200921,5
20200625,6
20090116,3
20110105,3
20061019,4
20160116,4
20111004,6
20120813,2
20150326,3
20180520,4
20191219,3
20090503,4
20100214,5
20180202,2
20060630,8
20100409,5
20191019,1
20070730,3
20171215,3
20060723,5
20071231,2
20101204,5
20150322,3
20090719,14
20200831,10
20110904,21
20180813,3
20180803,4
20100711,8
20110410,3
20170822,3
20160916,5
20141017,7
20110215,1
20150925,6
20191230,2
20071014,3
20100814,9
20170827,4
20080518,3
20101210,4
20060430,3
20180524,2
20100822,9
20070605,5
20190824,3
20060505,7
20141110,3
20060813,9
20080123,1
20080928,11
20180716,3
20060103,4
20120302,4
20060614,4
20160411,5
20070628,5
20100404,8
20111014,8
20200107,5
20111202,6
20120510,4
20161211,6
20070703,6
20191127,5
20180607,4
20070814,4
20180617,6
20100628,6
20110320,3
20111021,5
20070722,10
20060316,4
20100421,4
20160612,5
20120617,6
20201023,6
20201127,9
20100703,5
20070121,2
20200313,2
20130901,6
20110305,6
20120513,8
20170513,1
20120528,7
20151120,3
20120305,2
20080712,8
20110710,9
20130318,4
20111017,9
20150408,3
20140713,7
20171103,5
20171213,3
20161206,2
20131024,2
20120304,3
20120320,6
20111020,5
20150831,6
20141215,4
20080922,6
20190715,3
20100629,6
20130406,3
20100626,10
20091016,3
20070624,10
20150625,3
20071013,6
20130815,6
20071021,9
20091101,9
20120721,9
20180106,3
20190725,2
20111108,4
20140608,6
20191114,3
20190927,4
20060920,4
20090405,5
20141024,2
20091010,4
20150710,3
20200310,4
20131031,7
20120514,5
20100517,6
20080529,4
20090622,3
20160827,3
20071016,5
20170921,2
20131215,1
20070823,4
20071117,6
20090905,8
20100610,2
20090718,8
20080220,2
20060108,4
20090314,2
20120109,2
20160713,3
20120925,7
20101114,7
20110901,3
20190617,3
20080607,5
20200822,16
20100923,5
20161113,5
20151028,2
20151008,2
20201015,8
20111211,4
20060205,6
20130527,3
20120613,7
20180902,2
20161227,2
20081217,4
20200113,3
20170730,2
20200623,10
20140110,1
20080321,4
20110911,10
20080711,6
20080303,3
20061103,2
20151205,4
20070829,2
20150224,2
20110925,12
20160603,3
20070423,8
20080813,2
20110819,2
20131206,3
20120903,6
20170606,1
20200618,7
20110316,3
20190317,3
20071001,3
20150907,3
20151221,2
20200917,4
20130522,1
20090510,10
20150327,1
20100904,2
20200110,1
20110318,2
20160604,4
20170313,1
20080625,7
20070127,4
20130427,6
20110307,1
20061120,3
20080610,6
20080514,9
20110814,4
20140920,2
20070419,4
20100728,6
20150405,4
20060627,5
20171203,3
20091112,1
20130812,7
20080329,5
20110407,4
20170622,2
20060324,4
20090714,3
20140717,4
20160529,9
20190212,3
20090123,4
20070910,8
20200715,7
20150413,3
20160918,2
20160926,5
20131208,3
20070718,3
20120918,5
20200221,4
20090409,2
20120719,3
20120516,6
20101216,3
20170809,3
20060115,3
20090205,1
20081120,2
20100901,8
20200928,3
20110206,6
20080705,12
20190708,2
20120717,3
20190811,7
20161005,4
20130311,2
20110308,2
20060228,5
20200514,2
20120827,6
20200620,15
20120725,5
20171017,2
20121027,6
20061116,3
20070528,4
20090823,12
20160803,4
20120907,8
20061220,2
20151004,7
20101021,1
20060716,7
20190413,3
20201027,3
20080304,3
20080530,2
20180414,3
20120630,8
20091114,8
20181016,2
20060821,6
20170924,3
20140604,5
20080510,7
20200907,5
20200519,4
20160625,7
20071202,5
20141025,2
20081229,4
20070506,4
20150316,1
20130113,7
20151023,1
20150801,3
20110824,3
20060410,6
20091009,7
20120815,1
20150509,7
20161210,3
20090808,7
20120424,3
20110113,2
20130602,8
20161008,3
20140918,3
20100220,4
20110726,2
20110304,2
20080415,3
20141018,4
20130627,3
20101128,4
20080330,4
20090131,2
20100304,2
20120715,10
20131222,6
20201018,8
20061127,4
20110718,5
20130624,4
20080815,3
20200525,3
20200624,3
20180426,1
20190404,2
20080207,1
20140628,4
20110531,6
20120509,2
20100921,3
20081227,6
20160225,5
20120730,7
20160520,5
20070717,8
20131018,4
20200716,10
20161231,6
20090523,4
20140216,3
20190713,5
20080729,6
20110311,2
20100317,6
20090102,3
20180208,5
20141005,6
20090727,3
20120712,5
20160526,3
20181007,3
20140530,2
20110528,6
20080704,9
20180222,1
20111210,6
20060616,2
20131011,4
20070518,7
20070902,10
20091229,3
20060731,2
20060903,3
20100802,6
20181110,2
20170905,7
20180904,4
20090222,3
20150802,4
20171005,3
20101211,6
20151026,3
20120225,7
20190729,4
20070329,2
20080909,5
20120811,8
20200410,3
20070401,4
20170722,2
20190418,7
20101225,4
20071209,7
20170501,4
20060908,6
20151224,1
20100407,4
20160618,3
20140131,6
20120116,3
20111129,3
20090407,2
20120428,2
20060222,2
20060712,3
20060504,4
20120728,10
20141124,2
20061030,5
20071217,5
20120512,12
20100613,8
20090705,6
20070603,5
20140129,3
20091102,3
20120210,2
20110505,5
20100501,4
20160110,2
20140323,4
20160929,4
20190928,1
20150530,7
20071221,3
20201227,4
20060215,3
20060628,9
20180606,1
20120407,5
20120608,4
20081231,5
20200512,2
20170522,1
20160422,1
20120927,2
20150708,5
20070422,10
20091116,5
20070610,7
20060707,4
20101125,3
20090715,1
20190209,2
20141019,3
20150729,3
20160621,2
20170810,3
20061102,4
20160626,3
20130712,2
20141208,5
20090801,9
20120729,8
20070327,4
20161105,1
20190407,5
20070701,7
20060604,6
20100525,3
20110903,11
20080831,13
20180927,2
20180422,2
20111102,3
20110412,3
20180407,2
20130909,4
20151208,3
20110220,6
20100419,4
20170731,2
20151111,2
20100228,4
20160601,7
20200511,3
20070120,5
20120217,3
20200128,2
20090208,8
20090421,3
20190527,6
20110617,4
20070630,11
20070122,1
20110510,5
20160615,5
20161230,2
20100212,7
20171121,5
20190204,3
20060612,6
20200818,5
20080918,4
20081113,3
20061125,12
20120318,4
20110905,8
20140625,4
20200408,3
20080128,2
20130609,6
20161018,3
20140527,5
20080808,4
20120313,3
20140802,9
20100815,10
20190211,2
20100420,1
20120323,4
20110207,3
20090710,7
20120325,7
20200830,13
20190321,4
20130303,4
20141006,3
20090627,1
20170707,4
20070511,2
20060822,5
20100124,6
20141220,2
20130225,2
20151210,3
20181109,4
20200321,5
20190411,1
20121221,4
20071224,8
20180709,2
20180530,2
20140715,3
20130920,6
20060104,4
20101120,7
20100605,6
20141002,3
20200308,4
20071017,4
20070529,9
20170324,2
20100411,8
20110425,8
20121003,2
20200815,21
20060201,6
20141031,3
20090712,11
20190803,4
20150111,6
20130811,12
20090509,2
20200615,7
20190605,2
20171010,6
20061204,4
20181204,4
20100516,7
20150512,3
20180424,4
20081103,2
20110327,2
20100927,1
20180726,1
20100924,13
20171025,5
20140709,2
20101228,3
20090912,3
20081012,8
20150120,6
20060611,2
20061015,7
20140901,9
20130305,2
20180419,2
20070828,3
20140518,5
20100427,1
20070227,2
20080325,3
20101106,7
20100215,1
20071006,14
20070510,5
20101226,8
20200224,2
20130116,4
20151018,5
20090301,3
20151108,3
20110928,5
20080418,8
20120726,7
20080112,2
20140708,4
20100416,4
20101121,8
20140820,9
20080803,7
20140330,2
20120410,1
20060119,6
20110418,3
20191215,2
20190113,5
20150824,3
20081205,1
20110527,5
20061230,6
20120906,4
20100116,2
20100829,9
20110801,6
20060420,3
20070128,3
20080807,4
20150523,6
20070517,7
20160123,4
20061004,5
20200227,3
20060113,6
20120216,3
20130625,9
20080820,2
20090525,7
20080826,6
20190414,5
20111016,12
20080219,2
20171012,5
20100906,8
20080804,5
20080630,2
20061021,2
20140422,5
20110702,8
20100418,4
20201010,5
20070920,2
20161119,2
20180825,3
20100502,3
20120818,7
20110605,6
20110930,5
20130207,4
20140927,7
20200916,4
20111231,9
20200930,5
20060417,3
20140429,3
20100718,13
20180114,5
20130613,2
20151216,2
20150807,2
20070901,3
20110721,6
20150418,10
20120902,9
20081202,7
20091206,4
20080624,8
20180622,3
20111120,8
20150328,5
20200515,7
20111221,4
20150621,7
20060204,6
20150825,6
20080413,2
20180713,2
20080131,3
20140801,7
20120211,7
20180630,5
20100108,3
20190525,3
20150518,4
20081219,2
20200629,9
20060824,2
20180624,4
20200120,2
20090728,5
20080609,8
20090825,3
20110627,3
20091128,5
20090818,6
20150912,8
20170703,4
20200718,6
20080125,1
20201005,6
20120221,5
20080515,2
20080513,7
20190206,2
20161002,3
20110625,4
20151017,6
20080412,9
20131111,3
20091024,5
20200305,2
20100325,3
20110427,8
20180705,11
20070113,5
20150208,2
20070609,9
20170518,2
20060705,6
20120615,5
20070104,3
20110529,10
20170218,1
20120830,8
20181102,4
20130720,10
20180504,2
20091028,3
20190516,3
20090118,5
20150810,2
20100726,5
20090822,7
20100118,6
20071025,5
20160228,2
20190826,4
20100807,14
20061118,7
20140607,6
20181119,4
20101212,5
20110820,3
20130103,6
20120825,6
20100207,3
20070725,4
20191227,3
20170321,3
20190419,2
20060910,7
20100926,5
20200724,8
20131115,4
20070110,2
20080829,2
20170302,1
20110906,2
20101023,5
20070512,6
20110306,3
20080601,6
20111112,6
20130224,4
20071120,5
20121201,3
20191218,2
20080316,7
20140627,2
20070806,3
20130605,3
20160820,4
20120930,9
20060311,6
20070830,9
20201121,5
20130723,3
20091129,7
20070612,4
20141228,7
20150429,5
20170308,5
20180707,1
20090216,3
20150717,6
20170201,1
20170819,3
20200712,11
20130701,5
20180217,2
20080708,5
20100216,5
20071225,5
20081020,2
20100505,2
20110921,6
20110405,1
20070226,2
20061229,3
20080809,9
20141230,4
20161030,8
20120404,4
20060209,2
20150110,3
20081004,8
20060326,5
20160109,5
20170515,2
20080901,10
20100425,2
20120506,4
20140712,7
20080423,5
20100719,12
20100402,3
20170830,4
20140301,4
20120627,5
20151128,2
20060525,4
20070107,3
20110119,1
20161015,5
20181215,5
20120321,4
20100912,6
20120610,5
20150624,3
20101031,7
20140915,1
20060922,3
20160620,6
20091107,7
20081116,2
20150511,4
20070210,6
20090613,11
20200829,11
20141206,5
20131201,2
20150709,2
20201022,9
20160802,4
20200807,3
20090811,2
20200104,3
20130913,5
20201028,6
20070606,6
20140302,2
20060226,2
20190127,1
20130420,6
20070522,4
20100722,4
20071223,6
20110619,10
20090214,5
20060801,5
20141108,6
20190623,6
20181218,2
20191223,4
20200307,2
20070705,5
20140606,3
20090415,2
20150716,4
20130410,4
20070310,2
20090807,12
20120812,5
20120130,2
20071023,5
20080814,5
20071011,2
20060219,8
20110317,5
20091219,4
20121224,3
20140711,4
20071211,3
20080126,6
20170916,5
20181015,4
20080626,6
20190607,5
20170616,4
20121110,4
20190625,5
20070802,3
20150905,7
20140104,2
20061112,8
20200906,7
20110805,7
20141012,6
20120529,5
20201119,1
20060511,4
20111111,5
20080326,4
20140829,5
20110325,3
20060708,8
20090524,7
20180826,4
20061022,7
20141103,3
20140322,4
20150303,4
20060828,4
20060928,3
20131108,4
20160623,6
20180809,3
20090227,6
20091005,7
20180124,4
20091103,4
20160619,3
20120201,3
20130518,6
20110328,2
20120408,4
20181004,3
20080503,6
20140103,3
20120904,4
20160809,3
20170814,4
20100406,7
20150310,1
20101029,2
20120804,6
20061210,6
20111230,3
20110109,3
20080806,6
20081220,8
20100709,3
20081112,4
20200105,3
20061128,2
20160924,2
20070516,5
20091020,6
20070101,11
20150728,3
20160324,4
20120213,7
20090527,2
20140808,2
20170404,4
20091118,2
20060531,2
20080419,8
20130219,2
20160605,6
20070309,2
20060620,6
20160930,3
20100708,7
20090427,8
20200405,1
20090416,4
20161127,6
20190330,3
20141009,2
20140101,10
20070619,3
20121206,1
20200425,3
20091207,6
20110110,4
20110428,4
20170721,4
20190921,2
20200322,1
20200827,5
20201223,1
20070906,2
20150309,2
20070804,9
20070623,11
20080812,2
20121214,2
20160904,7
20151102,2
20170709,5
20201115,4
20141029,5
20171008,1
20110907,3
20080406,3
20061222,8
20060918,5
20161118,1
20151109,3
20120106,4
20110321,2
20150911,4
20080924,5
20070928,2
20160914,5
20070209,2
20070407,4
20141212,7
20060415,4
20180330,4
20121002,3
20071027,7
20090111,3
20140819,3
20111024,4
20091026,2
20070712,4
20060506,4
20150503,5
20140731,5
20120311,5
20130521,2
20201108,3
20200817,6
20090328,6
20090706,5
20130329,1
20150909,4
20060406,4
20160528,3
20130902,7
20080314,6
20120908,6
20160220,7
20130227,1
20191117,3
20070825,9
20150828,2
20140207,2
20190924,4
20200808,5
20110127,2
20121028,3
20180511,2
20180923,2
20140130,2
20090623,5
20200810,3
20180502,4
20080602,9
20080930,8
20200522,4
20170903,5
20130820,4
20060313,2
20081005,7
20081029,2
20101027,5
20181101,3
20190830,7
20200903,5
20160428,1
20170601,3
20171104,4
20190624,3
20080916,5
20061231,8
20180304,1
20091110,4
20131202,3
20131227,2
20140720,7
20190526,6
20061207,4
20071220,5
20100211,3
20201117,3
20200218,3
20150820,5
20120923,6
20070710,3
20160101,6
20100515,11
20080710,7
20081224,4
20131005,4
20090802,12
20150613,6
20171031,2
20181208,2
20100204,3
20091231,5
20180429,2
20070322,4
20070816,4
20100523,7
20071112,1
20100928,5
20130109,2
20200513,4
20060514,4
20151011,2
20090331,5
20110122,3
20070729,7
20130213,1
20090322,3
20110910,7
20130306,1
20090120,2
20120824,3
20160920,3
20090310,3
20140612,2
20061016,6
20100622,3
20070812,13
20060624,5
20170602,2
20201017,3
20150209,2
20100604,5
20120704,14
20150421,5
20160115,2
20060625,3
20180119,1
20170124,3
20060128,4
20070415,5
20201207,9
20140223,3
20110803,1
20130903,3
20170125,3
20140823,11
20081018,7
20061107,2
20120706,5
20110402,8
20150715,3
20060325,4
20071020,7
20121016,2
20131027,4
20170203,3
20080111,2
20111015,11
20160423,9
20060422,4
20161130,1
20150524,4
20190609,4
20090809,11
20120817,5
20160307,2
20100821,7
20100702,7
20100917,3
20181005,7
20060518,5
20200411,5
20180602,4
20190709,1
20130728,9
20060626,4
20140329,5
20071004,1
20141015,6
20150424,2
20171015,6
20080223,2
20200226,1
20161012,4
20090829,3
20060411,3
20180901,1
20190327,1
20121010,1
20160801,4
20061228,3
20090112,2
20100813,2
20100405,7
20130323,4
20130122,2
20111028,7
20120703,4
20171029,3
20120527,11
20120831,3
20120624,10
20110225,4
20100518,2
20180728,6
20080527,4
20120606,6
20080104,4
20140512,3
20181001,4
20120520,7
20061018,3
20110829,14
20151227,1
20060512,2
20130919,4
20190225,1
20151121,3
20200126,3
20200614,9
20151204,3
20070223,1
20100916,1
20170317,2
20111201,2
20101231,9
20140811,2
20081109,4
20080509,4
20110811,2
20090817,3
20190620,3
20181210,2
20070719,4
20170126,2
20131221,5
20100606,10
20170824,2
20151104,6
20100714,5
20101109,2
20170529,1
20061227,4
20090217,3
20141121,3
20200902,8
20060621,6
20140317,1
20100401,2
20060515,2
20171220,1
20141129,3
20111010,7
20181121,1
20090313,3
20150221,5
20160722,7
20140601,4
20120504,2
20080717,3
20160823,6
20121223,3
20161220,1
20130105,3
20070702,3
20101126,6
20120429,6
20180704,1
20090703,5
20160102,2
20100715,6
20110730,6
20170804,5
20101218,6
20151206,3
20081226,8
20060426,4
20070304,5
20070523,8
20190823,3
20070811,9
20110322,4
20140308,6
20130623,7
20110912,4
20180113,2
20120402,4
20061026,2
20120401,1
20061031,7
20111022,11
20200719,9
20080407,3
20120418,5
20131223,5
20140830,5
20200503,5
20080611,3
20170413,1
20190829,1
20150627,3
20061111,6
20080505,4
20070303,3
20121130,9
20130921,6
20061124,2
20190331,4
20170325,2
20150504,8
20060711,7
20171028,2
20120122,3
20070923,5
20200124,1
20150203,1
20130906,4
20070728,9
20140328,5
20171122,1
20170907,3
20160818,4
20170524,3
20120621,6
20151207,5
20101110,2
20080817,7
20110116,8
20070803,5
20090317,3
20081021,5
20130629,9
20091011,4
20150718,2
20130907,7
20190304,2
20131205,1
20171224,2
20160611,7
20070504,3
20090812,4
20191029,2
20140526,5
20170416,7
20110403,3
20111124,6
20200710,6
20110714,3
20100819,4
20140727,8
20140626,1
20190816,4
20110626,10
20090403,2
20140725,3
20171202,3
20060923,6
20121024,3
20150914,2
20090501,4
20171217,2
20200703,7
20111030,6
20080728,6
20090925,3
20201003,5
20151019,2
20200504,1
20100424,5
20200122,1
20200621,5
20190203,2
20070224,2
20060919,7
20181211,1
20100825,4
20200304,2
20201012,4
20161128,4
20180519,3
20160216,4
20100310,2
20070203,2
20100909,5
20200622,9
20140722,4
20081216,4
20120114,2
20180521,4
20061202,5
20100915,1
20060418,3
20140412,5
20100131,4
20110807,7
20120605,3
20090329,5
20060526,4
20141222,4
20080323,7
20180731,5
20140406,5
20200517,6
20170725,3
20130216,2
20121014,9
20160222,1
20140809,3
20080830,8
20160513,3
20061005,2
20200409,1
20111223,2
20090327,3
20111217,4
20120519,9
20170617,5
20140907,3
20130831,10
20100130,5
20070827,6
20100918,9
20090921,7
20140702,5
20200821,9
20080502,3
20070324,1
20111215,4
20150611,3
20201118,1
20100619,7
20080902,4
20120926,4
20100110,3
20151107,3
20170902,1
20140622,7
20090730,6
20080222,2
20070908,5
20201129,6
20120531,3
20091226,6
20130419,4
20090926,10
20100109,4
20120308,7
20121208,3
20160729,1
20070818,3
20150726,3
20130531,8
20060416,7
20110612,3
20150730,1
20130429,3
20110218,2
20180805,8
20140706,16
20091227,5
20160311,4
20150507,6
20100323,2
20150809,6
20151230,5
20061029,8
20120113,4
20070704,4
20080929,7
20080306,1
20090731,8
20140826,2
20100328,4
20170624,8
20180611,2
20091013,2
20170821,4
20160523,2
20070530,6
20150814,6
20061010,4
20180924,2
20150619,3
20190727,4
20090723,5
20080926,4
20060309,2
20140614,3
20150117,3
20170713,3
20071127,3
20131003,6
20110408,4
20160213,3
20140425,3
20070617,9
20100521,4
20201211,7
20100827,2
20181203,4
20151215,3
20070515,6
20121122,4
20130628,4
20160404,2
20110205,4
20150711,8
20090909,4
20171014,2
20060527,4
20090516,8
20071130,3
20191002,3
20080224,3
20130324,5
20150126,3
20081031,4
20121031,2
20201024,6
20060816,8
20070723,3
20191201,4
20180730,1
20060225,3
20110914,4
20151031,8
20080402,3
20200315,3
20201229,5
20150411,2
20160719,4
20101201,2
20100607,2
20061225,6
20160227,3
20171210,2
20140903,4
20070314,3
20160731,2
20190621,1
20110106,4
20060524,5
20160128,2
20060812,6
20160331,2
20120607,3
20090219,2
20170102,3
20200611,3
20190705,12
20130622,7
20091122,5
20161006,2
20080225,2
20101105,2
20191221,3
20070601,6
20150622,6
20060921,5
20100503,3
20090927,6
20201212,5
20060529,8
20161108,1
20131113,1
20121124,3
20111023,5
20060120,2
20070817,4
20141107,6
20160814,8
20200725,7
20060808,7
20180418,2
20150606,3
20150829,4
20120110,3
20071009,4
20110622,3
20180821,2
20140629,10
20180722,5
20080403,6
20091123,4
20110620,4
20190721,4
20120226,6
20071110,5
20140521,5
20200812,7
20120920,2
20080410,3
20100507,3
20190517,2
20160205,1
20150525,3
20180516,2
20180322,3
20180121,2
20140114,3
20130405,1
20151113,2
20190219,1
20060122,9
20130904,5
20150516,5
20061215,6
20150719,5
20070903,8
20060702,8
20160204,5
20081125,1
20110526,2
20090711,9
20161011,2
20170411,4
20151126,6
20200502,3
20160121,4
20160319,2
20101230,4
20090303,2
20181030,1
20091127,7
20090418,4
20090605,1
20140825,2
20060303,1
20191106,3
20190906,2
20101223,3
20080201,3
20150321,3
20120124,3
20130513,4
20160907,5
20191003,4
20141223,3
20141214,8
20170806,4
20200123,3
20111213,4
20201107,5
20081010,5
20130526,3
20180110,1
20091126,5
20070720,5
20140513,2
20131226,2
20200602,8
20161112,3
20070424,5
20071128,2
20170409,4
20070807,5
20191113,2
20140102,4
20060609,5
20130108,6
20110129,4
20141010,4
20141125,2
20060915,3
20120205,6
20070731,10
20090119,2
20061223,5
20111115,4
20090521,5
20150426,6
20141105,3
20120417,8
20200904,7
20120708,8
20120701,8
20180811,5
20200413,1
20180409,3
20090827,4
20090914,3
20170620,2
20140401,5
20170526,4
20150601,2
20140916,3
20190518,5
20100716,4
20150113,1
20150609,9
20060105,4
20110430,8
20190629,3
20140116,2
20070618,4
20070911,4
20131224,4
20160717,6
20060703,5
20090915,2
20170101,7
20060130,3
20060709,9
20180621,4
20130925,4
20150906,7
20090612,3
20191025,3
20110508,3
20160927,5
20170909,5
20060602,4
20120928,3
20110607,5
20170812,1
20190114,2
20200823,9
20160519,3
20170607,2
20060106,3
20060905,4
20110114,4
20081011,4
20140204,3
20100809,7
20150805,6
20201126,3
20070317,1
20160906,4
20060329,3
20130709,4
20200609,3
20180515,2
20110908,3
20180827,1
20180710,4
20191202,2
20190318,2
20110927,7
20081108,4
20130130,3
20090519,3
20101101,4
20060502,3
20070622,3
20131117,3
20080905,7
20070607,5
20201014,4
20120622,3
20181201,1
20101001,4
20091018,4
20060107,2
20090726,7
20170604,3
20070714,6
20111119,4
20191203,2
20101119,3
20060730,11
20080802,6
20170803,3
20180507,1
20111225,4
20160509,1
20100831,4
20080127,9
20061109,4
20110918,8
20130110,7
20190504,1
20161028,2
20180830,1
20150130,3
20151130,2
20090813,3
20120415,7
20200720,7
20060116,4
20180908,1
20141207,3
20190724,5
20150506,6
20110709,5
20180603,2
20091230,1
20100810,7
20060721,6
20150608,5
20081212,2
20130111,1
20110518,4
20180321,1
20100103,2
20151009,5
20080218,2
20150115,1
20130915,2
20090614,9
20120324,4
20181009,2
20110501,6
20140815,3
20130502,2
20121006,3
20100527,5
20120801,2
20080811,3
20111206,3
20100919,7
20140310,3
20130822,5
20101108,5
20180719,1
20140313,3
20071101,5
20061003,6
20080504,8
20120601,2
20080421,4
20180905,2
20090907,7
20091104,2
20200208,5
20060815,3
20120331,2
20130908,5
20130205,2
20080319,3
20100801,11
20080121,5
20130322,1
20120929,4
20140816,5
20111009,11
20160521,6
20100720,4
20080923,5
20131105,2
20140707,4
20160309,2
20140617,6
20130123,2
20171004,2
20170301,2
20080427,7
20150314,6
20121004,5
20130610,3
20140118,3
20090330,6
20171124,3
20080604,7
20090429,3
20200407,3
20100627,10
20200811,7
20180818,5
20200509,1
20100911,9
20131204,4
20201029,2
20140624,4
20110729,3
20200727,10
20060429,4
20140113,4
20150629,4
20170530,1
20080821,6
20110621,6
20151027,2
20120814,3
20200415,2
20160421,4
20081213,6
20061211,3
20140413,3
20060216,2
20200721,5
20160412,3
20080618,4
20140221,2
20060719,5
20200819,8
20200613,6
20180612,1
20150803,3
20080108,2
20170511,1
20070914,4
20190107,2
20101215,2
20100413,4
20071218,1
20111104,3
20100316,4
20060727,4
20121119,4
20100828,6
20181230,3
20160531,6
20170528,3
20150502,1
20190719,3
20100219,3
20151030,2
20091213,4
20150228,2
20091017,6
20141213,3
20200630,8
20190613,2
20130416,3
20201209,5
20111208,3
20151203,5
20140630,3
20201030,1
20191006,4
20170410,4
20091222,4
20110406,5
20161212,3
20070331,7
20180228,4
20170128,2
20191204,2
20091221,4
20151006,2
20100823,4
20101222,3
20141001,3
20080204,1
20111013,3
20171111,5
20180609,4
20111012,5
20191110,5
20200505,3
20061013,3
20161225,3
20201007,2
20191224,1
20130630,4
20201124,3
20111109,5
20110624,5
20100920,3
20131230,3
20161004,2
20100511,3
20200414,2
20100531,10
20130102,2
20170716,1
20170417,3
20090608,7
20071108,2
20060603,8
20100830,3
20140523,2
20090611,2
20151101,5
20190912,3
20191216,2
20200616,4
20100925,7
20160808,5
20090117,2
20160706,1
20080720,4
20090815,11
20171207,1
20081019,3
20120702,9
20130821,6
20131211,1
20110806,12
20120525,5
20120822,3
20140119,2
20080702,7
20071103,5
20160901,5
20120108,2
20170910,4
20160928,3
20091225,7
20130131,2
20130120,2
20180314,2
20130802,1
20140206,1
20170121,4
20190306,1
20160408,3
20160613,4
20140603,3
20130621,6
20121121,2
20080520,2
20191028,4
20180708,6
20090103,5
20120224,2
20160530,2
20090610,2
20120406,2
20110623,2
20120530,1
20090729,5
20141221,5
20090814,4
20131116,3
20180525,4
20160817,5
20071230,7
20060211,4
20080718,6
20081221,4
20081107,4
20081017,4
20060428,5
20170215,4
20120420,5
20191018,1
20180605,1
20121120,2
20110706,3
20170614,2
20200526,5
20140719,5
20150529,4
20090720,5
20141011,4
20161204,4
20080425,3
20201001,2
20181221,2
20120905,2
20111127,3
20060615,3
20060718,6
20070119,3
20070521,2
20100609,3
20150610,5
20080124,3
20100117,3
20110823,6
20150628,3
20170911,3
20160724,2
20150313,3
20190429,1
20111214,4
20181226,3
20140515,4
20200427,3
20121101,5
20120819,1
20190315,2
20120118,3
20091022,4
20090323,1
20141130,2
20191210,3
20060825,8
20081122,5
20160417,3
20170705,5
20110212,4
20060403,4
20100712,2
20101229,2
20110728,9
20111107,5
20081025,7
20140505,4
20141126,6
20070323,2
20160218,2
20150312,2
20190430,2
20090508,4
20120914,4
20181231,2
20070509,5
20200605,6
20190108,2
20160723,3
20140619,5
20120306,3
20081130,5
20060401,5
20191024,3
20060421,7
20060913,5
20070109,2
20121023,3
20160229,5
20160125,1
20161023,4
20090224,2
20170829,2
20130512,2
20130510,4
20181026,3
20101012,4
20141229,2
20100308,2
20151213,7
20071010,5
20090619,7
20120303,6
20200924,3
20120807,6
20110712,4
20200314,5
20200711,11
20160308,4
20080331,4
20090804,4
20060419,3
20170211,2
20130517,2
20110313,5
20190704,3
20150325,1
20131026,4
20100805,3
20150414,2
20170628,1
20071114,3
20060224,2
20150425,3
20140803,4
20070312,3
20090704,9
20201218,6
20090318,3
20160819,4
20100621,8
20060805,7
20080921,8
20080825,3
20090110,7
20090115,2
20090320,2
20070408,2
20061213,3
20070403,2
20130320,2
20110522,2
20190106,3
20120718,3
20180205,3
20170117,2
20141209,1
20120714,7
20170116,3
20080619,4
20121123,5
20140919,3
20160320,2
20160111,3
20141118,2
20170422,3
20191026,4
20180118,4
20130317,3
20111204,8
20110817,5
20141102,6
20160103,3
20080721,5
20190922,4
20090722,3
20120603,3
20200531,5
20060819,6
20081014,3
20171128,1
20070321,3
20140723,2
20140403,2
20120425,5
20100820,3
20200119,1
20180926,3
20201120,5
20200714,10
20151219,5
20080409,1
20200329,2
20080617,2
20130330,5
20200913,6
20140502,7
20190805,4
20111001,4
20160219,5
20141115,3
20200125,5
20060729,4
20070727,7
20171225,5
20130714,4
20120501,3
20200914,3
20060213,2
20150306,2
20181225,1
20190328,1
20190628,5
20190515,1
20090201,6
20090903,3
20151016,1
20111222,5
20091015,3
20070115,3
20070922,5
20060319,3
20061108,3
20091117,5
20110916,4
20180410,1
20080309,6
20130730,3
20060725,3
20130530,2
20080511,7
20090306,4
20171222,3
20090411,4
20200523,3
20140610,2
20110511,5
20190923,5
20130603,5
20080523,2
20120315,3
20190815,2
20191005,4
20130201,2
20150308,2
20161104,3
20201122,8
20150329,1
20201205,4
20080210,1
20100428,4
20081208,2
20110202,6
20070505,9
20061025,5
20101130,4
20180522,1
20200929,2
20100618,3
20190208,1
20150323,4
20170103,3
20140111,4
20140426,5
20131028,3
20131109,4
20101013,2
20151231,4
20131214,3
20120511,3
20151211,4
20111011,3
20120403,1
20150808,5
20120808,5
20190415,1
20160712,1
20181111,1
20190531,1
20090721,5
20060617,6
20101112,4
20140227,1
20130104,2
20091113,3
20130810,7
20070129,5
20170428,6
20120422,5
20080422,6
20190312,4
20180324,4
20171226,2
20190323,3
20140410,4
20140621,8
20110717,12
20120421,2
20100403,5
20060202,2
20100329,2
20180517,2
20100128,1
20170925,4
20141104,3
20190519,3
20080324,4
20171211,1
20070406,2
20071109,6
20060724,4
20061217,5
20110507,5
20100804,3
20110214,3
20190614,2
20120310,5
20120809,2
20200426,1
20090423,4
20160630,5
20150819,2
20110309,1
20171016,1
20200419,3
20100208,6
20090420,5
20100129,3
20130706,3
20200417,1
20080819,2
20160527,5
20201101,4
20080327,2
20060829,3
20180506,4
20090928,5
20130927,4
20081115,4
20070924,3
20060328,3
20120131,4
20060323,3
20060427,2
20080203,4
20200824,7
20150817,4
20110411,7
20190720,1
20100227,4
20090602,5
20201006,7
20090124,7
20090724,4
20170322,2
20180518,1
20170430,2
20130616,8
20150307,3
20090609,3
20161122,1
20120502,2
20091212,3
20090810,4
20080205,2
20181017,2
20150331,4
20181008,2
20070919,2
20080627,5
20120821,5
20080328,3
20180218,1
20150304,3
20100905,3
20181126,2
20150108,2
20170720,2
20070126,2
20100508,3
20151226,5
20130422,5
20140319,1
20060320,4
20200923,6
20170704,2
20071015,3
20080614,6
20121025,2
20090830,6
20060118,3
20120515,1
20151005,2
20100206,4
20160409,2
20160721,3
20140921,4
20170527,10
20060706,2
20170711,2
20101025,3
20160616,4
20061130,6
20200521,4
20190226,2
20191205,1
20201013,3
20081206,5
20131126,2
20091004,2
20190210,2
20190521,1
20121022,4
20200501,1
20121030,4
20080913,9
20200911,4
20130923,5
20141123,1
20060217,7
20121012,2
20190712,3
20091224,3
20110112,1
20060530,3
20180912,4
20140714,4
20121104,4
20151025,3
20160507,3
20201208,3
20190224,2
20160718,5
20111116,2
20091216,1
20190102,1
20140827,6
20100816,4
20100914,3
20180610,1
20060823,2
20160702,2
20060413,3
20140331,2
20170815,4
20130823,5
20170316,1
20150403,3
20140701,4
20060907,4
20180613,4
20190917,3
20081127,4
20130411,5
20150319,1
20120803,4
20080925,1
20101206,4
20171006,2
20090629,6
20130829,3
20200708,5
20170507,2
20110815,4
20130407,1
20200106,1
20090425,7
20161027,1
20191027,3
20110509,5
20180126,1
20180804,4
20190120,1
20101102,2
20190707,3
20111114,1
20070417,3
20090113,5
20130412,1
20110108,1
20130617,9
20141004,3
20071123,3
20190726,2
20180701,2
20090526,3
20130702,3
20090617,3
20180526,3
20161024,1
20140620,3
20200610,2
20070114,2
20120125,1
20170418,3
20200729,3
20081119,6
20111007,3
20100710,2
20070626,3
20201112,4
20100824,2
20101014,2
20131124,2
20141119,3
20091115,7
20171105,1
20150813,3
20161123,6
20190728,8
20091021,1
20090908,1
20060929,4
20100614,5
20120916,6
20130604,2
20200401,2
20090311,3
20061110,1
20081105,3
20080302,3
20070102,3
20151014,4
20171023,4
20080612,2
20060503,3
20170329,2
20180822,1
20141022,3
20171106,1
20140202,1
20101111,2
20201002,2
20140218,3
20090213,1
20180505,4
20100303,1
20131213,3
20150701,3
20150815,5
20140409,3
20130824,7
20140509,2
20180306,2
20100617,2
20110312,5
20100305,3
20190416,4
20120508,2
20090109,1
20140813,4
20090325,6
20151010,3
20150102,6
20101219,2
20110818,3
20110711,5
20070503,2
20200825,3
20111005,1
20171229,4
20120619,5
20120112,3
20180415,1
20150921,4
20101018,2
20070604,1
20090828,2
20110102,2
20120426,1
20060906,1
20060124,3
20150812,3
20111008,5
20130509,2
20070225,3
20060521,8
20070520,5
20081101,5
20090419,5
20100730,2
20121128,2
20070216,2
20120128,4
20180427,3
20200312,1
20080424,9
20190311,2
20170223,1
20090228,4
20111029,4
20170613,2
20080827,2
20140226,1
20151228,3
20150620,5
20151223,1
20081007,2
20170719,3
20061209,2
20181209,2
20100721,4
20090806,2
20160215,3
20080506,3
20161021,1
20181024,1
20071206,3
20180224,2
20140504,4
20130307,2
20141028,3
20100430,5
20110226,3
20061216,4
20101221,2
20140516,3
20071106,5
20201203,3
20190817,2
20080426,5
20150124,2
20080221,2
20171219,3
20100529,4
20180130,1
20160825,2
20081008,3
20121125,5
20070809,4
20160810,3
20070524,5
20070201,3
20170904,6
20110319,7
20091220,3
20191011,2
20140910,2
20081222,3
20191220,1
20090308,2
20130529,3
20130316,2
20081102,2
20190827,4
20060327,3
20070926,2
20081009,5
20180929,3
20150105,4
20190818,2
20191231,2
20140506,3
20191206,3
20080629,6
20120223,2
20160511,3
20190926,3
20070218,3
20110723,6
20130803,5
20081123,3
20110416,4
20110812,6
20060501,7
20081006,3
20150915,1
20130331,2
20100322,4
20110124,2
20090321,3
20201113,2
20150219,3
20150901,5
20120711,5
20140120,4
20061020,7
20110228,2
20180430,1
20190730,2
20130129,2
20060623,10
20200103,1
20090515,5
20080620,3
20131008,2
20180115,2
20070629,5
20200318,1
20150225,1
20081230,6
20100123,6
20130718,2
20110602,4
20090128,3
20091124,3
20170619,2
20081201,5
20130519,4
20071201,4
20111113,8
20070513,4
20100603,3
20190915,4
20161117,2
20200328,1
20110630,5
20150125,6
20170817,2
20130817,3
20080622,8
20170728,2
20070611,5
20190821,3
20080526,11
20100623,1
20150501,1
20160911,1
20111212,6
20150419,6
20161226,2
20170506,1
20160821,9
20160730,4
20060513,4
20201009,4
20080616,1
20111219,2
20170820,10
20160305,3
20070519,3
20190118,1
20150227,2
20170219,4
20130704,5
20060911,5
20110414,3
20200805,4
20160325,4
20091027,2
20080907,5
20201111,4
20140314,5
20091031,2
20080408,3
20180528,6
20120127,3
20111128,2
20161029,7
20110210,3
20100930,3
20130409,4
20170320,1
20130114,1
20101006,4
20081209,1
20160725,4
20170510,2
20121109,2
20171018,2
20200229,1
20120727,2
20060305,4
20141101,4
20151122,3
20170130,2
20190716,1
20091008,4
20130328,2
20100519,3
20091006,2
20161116,2
20190112,2
20140908,4
20180413,4
20110731,6
20060926,5
20130421,1
20190608,4
20080731,2
20151129,2
20141027,2
20140923,3
20120612,3
20140905,5
20180808,2
20180305,3
20110616,2
20070410,1
20130729,2
20101205,6
20080227,1
20201031,6
20080501,3
20140812,5
20131023,4
20100202,1
20170424,4
20170917,6
20180916,1
20161025,1
20201231,4
20181112,3
20160607,2
20140419,6
20200129,1
20121213,4
20060218,2
20130126,2
20200326,1
20090312,1
20100707,4
20100625,6
20140325,2
20101020,4
20200701,2
20110629,3
20090916,6
20140730,7
20181028,3
20060131,2
20111121,5
20191023,2
20090929,2
20170629,2
20200828,6
20170401,2
20100528,4
20130710,4
20090522,4
20120208,6
20151001,1
20140705,5
20170314,2
20150722,3
20140611,4
20170127,4
20100725,6
20110720,5
20201004,1
20090408,2
20150724,5
20200918,5
20150705,4
20170531,5
20070713,6
20110131,5
20070625,5
20061012,5
20191009,2
20081024,3
20131121,1
20190622,2
20140912,4
20131225,5
20080703,4
20171204,2
20080117,1
20150927,2
20140519,4
20070214,1
20120423,2
20130722,1
20100104,1
20150521,4
20131231,1
20060114,5
20131122,10
20180714,2
20130715,1
20100331,4
20071222,4
20160925,3
20200816,7
20110825,7
20071208,3
20150215,2
20121230,3
20190810,4
20131118,6
20090821,3
20150118,5
20150804,3
20191004,2
20110203,2
20170225,1
20190309,5
20060214,1
20180715,3
20140316,3
20110401,4
20150211,1
20150528,3
20070211,6
20111117,4
20080216,7
20090218,4
20190422,3
20110301,3
20060423,5
20130912,2
20180428,1
20120609,7
20160402,2
20090215,1
20141217,2
20140804,2
20140609,3
20110111,2
20160211,2
20160514,2
20060717,5
20130911,5
20090207,3
20160314,2
20150830,5
20061002,4
20060713,5
20141016,2
20080401,3
20180212,1
20060220,2
20070205,2
20090707,5
20201222,6
20090529,4
20170710,1
20170104,2
20120820,5
20190322,3
20121009,3
20200510,3
20130612,1
20200219,2
20160403,2
20121220,4
20140805,3
20090413,2
20160804,5
20070921,4
20110701,2
20160313,7
20190408,6
20071203,3
20070502,3
20150123,2
20160415,4
20150527,5
20080725,2
20190125,2
20150213,3
20090210,3
20130402,3
20191103,2
20140427,2
20100120,2
20191128,2
20150114,4
20100309,2
20110523,2
20080214,3
20190316,3
20190524,4
20110429,3
20110115,4
20130223,2
20170309,2
20121222,3
20061007,5
20140821,3
20090104,3
20190819,1
20090923,3
20180628,2
20171024,2
20181106,1
20171118,4
20060404,3
20141008,3
20070706,4
20111105,3
20180625,1
20070202,3
20110128,1
20160317,2
20100105,1
20141023,4
20200520,3
20121102,3
20161215,1
20160824,1
20130924,1
20060221,4
20130208,4
20131010,3
20120602,4
20151022,3
20120219,3
20071029,2
20170915,1
20201116,4
20101207,4
20170608,2
20120921,4
20151105,2
20070411,2
20170605,1
20150223,2
20140602,3
20130315,3
20100106,1
20120716,2
20081223,2
20190522,2
20131114,3
20200203,1
20070716,7
20170928,1
20190511,1
20100201,6
20071121,2
20080519,4
20080715,5
20151119,3
20100907,1
20140309,2
20200722,4
20200429,3
20070112,4
20181202,1
20170826,2
20061201,4
20161207,1
20071002,4
20130319,1
20190503,2
20090616,3
20110603,2
20200127,1
20201219,3
20130804,3
20100422,1
20130124,1
20190421,1
20131102,1
20170310,1
20110920,3
20150104,1
20130828,4
20190130,2
20130611,1
20090105,2
20080818,6
20200327,3
20150315,3
20121111,7
20180820,2
20101220,2
20161114,3
20160610,3
20090913,2
20161109,3
20110606,2
20180323,1
20060203,2
20180619,4
20060811,7
20110409,2
20120123,1
20170519,3
20121018,1
20200925,4
20141122,6
20130325,2
20091120,4
20200309,4
20080209,5
20061226,4
20110520,1
20091130,2
20161203,2
20100922,5
20071226,1
20060610,4
20160209,2
20111218,4
20190706,2
20170520,2
20101224,3
20111123,5
20090206,1
20180513,2
20170726,1
20060302,3
20131216,2
20100913,1
20140224,2
20181010,3
20141216,1
20121001,3
20180723,3
20060803,4
20200214,2
20100111,2
20081013,4
20181206,2
20090324,2
20170701,5
20150712,4
20060207,1
20180903,6
20160505,1
20151212,2
20151127,4
20121212,4
20150417,5
20060312,1
20100530,6
20060129,4
20130516,4
20100224,1
20070428,5
20111110,2
20111126,3
20121008,2
20110822,3
20130112,1
20130917,2
20130619,2
20071126,3
20160328,2
20111106,2
20181122,1
20100713,2
20190305,3
20070912,4
20140417,3
20120409,2
20170327,1
20160107,1
20121106,1
20060619,5
20160226,2
20140201,3
20190124,1
20110204,2
20200424,1
20150603,2
20100313,5
20080911,4
20200118,3
20150704,6
20180308,1
20100315,4
20190619,2
20120810,2
20120322,1
20100624,3
20080411,2
20060121,5
20080822,7
20141128,2
20090412,3
20161217,2
20200528,1
20190717,2
20130926,3
20150818,2
20181212,2
20190710,1
20070316,2
20070111,3
20191031,3
20060210,2
20070208,4
20110121,4
20170922,2
20131017,1
20140430,1
20061218,3
20190822,3
20190126,2
20180326,1
20070307,3
20170415,3
20110915,2
20200204,1
20140831,6
20070311,2
20130214,3
20180909,2
20190602,2
20130423,1
20150923,1
20151225,5
20130212,1
20070305,2
20081002,2
20080109,1
20090513,6
20121211,4
20120330,2
20150428,1
20160414,4
20140524,3
20120119,2
20140822,3
20061206,3
20131004,5
20181117,1
20130708,1
20100330,2
20150406,2
20170304,2
20180523,1
20080130,2
20081126,2
20100114,3
20070608,4
20151020,4
20070621,2
20070808,4
20160715,4
20080322,3
20170610,2
20160709,4
20180907,3
20080120,2
20150222,3
20080608,3
20150930,1
20181019,1
20091014,2
20110323,3
20130506,1
20180807,1
20190423,3
20120301,3
20070123,1
20120731,4
20170204,1
20121204,1
20061023,5
20100209,2
20131001,3
20200416,1
20090225,4
20130520,1
20201214,3
20140115,2
20181216,1
20161020,2
20131210,2
20160405,2
20201225,4
20080521,3
20170427,4
20181114,2
20100616,3
20190610,2
20180711,2
20130408,3
20160510,2
20100724,4
20061014,7
20140209,2
20161101,2
20150918,1
20090203,2
20151116,6
20140125,1
20060622,5
20180101,4
20160701,2
20131029,3
20110809,6
20180116,5
20171231,2
20161121,3
20160815,2
20120126,1
20070326,2
20180328,2
20070724,4
20200626,9
20060608,2
20170914,1
20180614,2
20200730,2
20120523,5
20140929,1
20141219,3
20161209,3
20120227,3
20171101,2
20201011,7
20160909,4
20171127,2
20180109,3
20061101,3
20201008,1
20071102,6
20160114,3
20140205,2
20120427,1
20190202,2
20130202,2
20071116,3
20131007,1
20090106,1
20080912,2
20071122,2
20121231,3
20170502,2
20191015,1
20141003,4
20111224,3
20200330,1
20140729,2
20200607,4
20190103,2
20120222,1
20090204,1
20150920,5
20161102,2
20160910,3
20131129,5
20110118,1
20140203,2
20150131,3
20120312,2
20081121,2
20120924,1
20120105,3
20070507,5
20120316,1
20120104,1
20140728,2
20060206,1
20140623,1
20160915,4
20180629,1
20171108,1
20150626,2
20150217,1
20150928,2
20200212,1
20191021,1
20130507,2
20120614,1
20091228,3
20180919,3
20070620,3
20180914,3
20060925,4
20190904,3
20201221,3
20081211,4
20191010,1
20140909,1
20180103,4
20140716,1
20160728,1
20160902,4
20161022,3
20100706,2
20200121,2
20160912,5
20170402,1
20151124,3
20080107,5
20180309,2
20161214,2
20150617,3
20150607,3
20180423,3
20060318,1
20161219,2
20180828,1
20100122,5
20190808,2
20110329,1
20141120,3
20180404,1
20160522,3
20090717,5
20150703,4
20180824,2
20200820,4
20090918,2
20190205,1
20180817,2
20110525,3
20071215,2
20171003,1
20071005,3
20100520,2
20120723,3
20190111,2
20130806,3
20190914,2
20120326,3
20190530,2
20180416,2
20121127,2
20180127,3
20190731,1
20160822,4
20150311,2
20060629,1
20130515,1
20190325,1
20171216,3
20100615,2
20201106,4
20130401,2
20091211,2
20090316,1
20120307,2
20180204,1
20200529,3
20070927,2
20160410,1
20130206,1
20180725,2
20181031,5
20190320,1
20110201,1
20130128,1
20140721,3
20171212,1
20180829,1
20090319,2
20060405,2
20190319,1
20140124,4
20180219,3
20110816,7
20190806,3
20180922,2
20150101,2
20090126,2
20120720,2
20170503,2
20071105,3
20140818,3
20101209,1
20150330,2
20170414,1
20130217,2
20190907,1
20180509,2
20120713,2
20120327,1
20101011,2
20150604,1
20121108,1
20121026,1
20200915,4
20101002,2
20180213,1
20200303,3
20091109,3
20180627,1
20060321,3
20080405,5
20191226,1
20141203,3
20181118,1
20160504,1
20090505,1
20110419,2
20130809,1
20150508,3
20170808,2
20070221,3
20100417,2
20150826,2
20160720,2
20200115,2
20160329,2
20130312,1
20190121,1
20101122,5
20110707,5
20130425,3
20080915,2
20170621,4
20071115,1
20151201,2
20160515,2
20160318,3
20170318,2
20120524,2
20130302,3
20200213,1
20190908,1
20130127,5
20190104,2
20171009,2
20130106,4
20091119,2
20090805,4
20100102,2
20200306,1
20120405,1
20161208,3
20140107,1
20171011,1
20151117,2
20110502,3
20140930,1
20190109,1
20111216,3
20140828,2
20140320,2
20201230,2
20200920,4
20170521,2
20091029,2
20090417,6
20100113,1
20121114,2
20150127,2
20190714,6
20111229,1
20170828,1
20170331,1
20080603,2
20110828,1
20100429,7
20190228,1
20150505,5
20100608,3
20100902,4
20140605,1
20170326,2
20160221,1
20150510,4
20141231,3
20140327,2
20160524,1
20121107,3
20200201,1
20080420,2
20200101,3
20140210,1
20091209,3
20170718,1
20131130,3
20180405,1
20090716,4
20110810,3
20190606,2
20200919,3
20190630,4
20191207,3
20160301,1
20140407,3
20190916,2
20141218,2
20191119,1
20200112,3
20161001,2
20150220,2
20080317,2
20070325,2
20101203,3
20081110,2
20120419,2
20170603,4
20190831,4
20080115,2
20170122,3
20140718,1
20070614,1
20171019,3
20150806,2
20121219,1
20190913,2
20140105,1
20161126,3
20080716,5
20150908,4
20140222,1
20201110,3
20120917,4
20091001,3
20070416,1
20080313,2
20140925,3
20201226,4
20151024,5
20071204,1
20200216,1
20130719,2
20060306,4
20100314,4
20170717,2
20081016,1
20130614,3
20090511,3
20140326,4
20190813,4
20190604,4
20110601,3
20130830,5
20180806,3
20101217,2
20190711,1
20170509,1
20090414,1
20170801,1
20180608,2
20090701,5
20170929,5
20061212,3
20150121,2
20070918,3
20060809,6
20180529,3
20110515,5
20090826,1
20140824,3
20080212,2
20111122,4
20170129,2
20171126,1
20200210,1
20080229,5
20131016,2
20190101,3
20120901,4
20190627,3
20161009,2
20101015,2
20190403,1
20171206,2
20180917,3
20190218,2
20181224,1
20131207,4
20070131,2
20140510,3
20170319,1
20120604,1
20131127,2
20180815,2
20171116,1
20170913,2
20100611,2
20070430,3
20130115,2
20160419,1
20090625,6
20070320,1
20180317,3
20140220,1
20170118,1
20181103,2
20151002,1
20110604,3
20150721,3
20180307,1
20060901,1
20180206,1
20141127,2
20111228,1
20100423,2
20141026,2
20131228,2
20061114,2
20160922,1
20080310,1
20121017,2
20170312,2
20201130,3
20081106,2
20150212,1
20070405,3
20130726,1
20110216,3
20181214,1
20120202,3
20150917,1
20130314,1
20190611,1
20100506,4
20120626,1
20111027,1
20180401,1
20110420,1
20151106,2
20150305,1
20140613,1
20090401,3
20180812,3
20160917,4
20171221,4
20121021,3
20130503,3
20160424,2
20181011,1
20150103,2
20130218,1
20080613,2
20171027,3
20070907,1
20131119,1
20160908,1
20121210,5
20160708,2
20170609,4
20170112,1
20190626,2
20110103,1
20110221,2
20180108,1
20100307,3
20070106,1
20181115,2
20071018,4
20120618,4
20080714,1
20170920,2
20110326,3
20180831,3
20170807,2
20190509,2
20200205,3
20180325,2
20141111,2
20120710,2
20091023,2
20130204,1
20090820,4
20190529,1
20100217,1
20180721,2
20180123,2
20160501,2
20171223,3
20100817,2
20130119,2
20131030,3
20060818,6
20080919,1
20070330,1
20180302,1
20090919,3
20190324,1
20070116,2
20151110,1
20170227,2
20150214,1
20170508,2
20070715,2
20191129,2
20160106,2
20161124,3
20170115,4
20151209,2
20060522,3
20161229,2
20141226,2
20110913,1
20200418,1
20140520,2
20101116,2
20191121,2
20080110,2
20150407,2
20191225,3
20111018,4
20161218,1
20150731,3
20120129,3
20061011,2
20090930,2
20180720,4
20070420,3
20181223,2
20100115,5
20120220,1
20160830,3
20141106,1
20110413,1
20181124,1
20090713,3
20130929,3
20060317,2
20190410,2
20071229,2
20161026,1
20190520,2
20190502,3
20060409,1
20190214,1
20160203,1
20121225,2
20090901,2
20170825,2
20181222,3
20090506,1
20070813,1
20141114,1
20170623,2
20110926,2
20130327,2
20060607,3
20201125,2
20070207,1
20171117,1
20180412,2
20060508,3
20120120,2
20070904,2
20061113,3
20110120,1
20180311,1
20170306,1
20080122,2
20081001,3
20200109,2
20171125,1
20150727,1
20161222,1
20141211,1
20160126,1
20060111,2
20130221,1
20190409,2
20090708,4
20150714,1
20090220,1
20080213,1
20161216,1
20170420,2
20161103,1
20191115,2
20080801,3
20060208,2
20170307,1
20100426,5
20200202,2
20160130,4
20130814,2
20150301,2
20180918,2
20100414,1
20151013,2
20160506,1
20080910,2
20190227,1
20140109,1
20090108,2
20190128,2
20130905,3
20200524,4
20071227,2
20160312,2
20180706,3
20170727,2
20100326,3
20181205,3
20080206,2
20081022,3
20070204,1
20061105,3
20160104,1
20070328,3
20180906,2
20180724,1
20160711,1
20190828,2
20170901,1
20071119,1
20071228,1
20180417,3
20171218,3
20171123,1
20181125,3
20180512,1
20130918,1
20190406,2
20110415,1
20090606,5
20181129,1
20131219,2
20100205,2
20130626,1
20200926,3
20170724,1
20100119,1
20120816,3
20150929,2
20130403,1
20161224,1
20171209,2
20151220,3
20160122,1
20150116,1
20060314,1
20170311,1
20061104,1
20140508,3
20130414,2
20120314,1
20121203,1
20121209,3
20150903,1
20160321,1
20190901,1
20180226,1
20150515,1
20100410,2
20151003,1
20170202,1
20091003,1
20070108,2
20090709,1
20070409,2
20091208,1
20110517,2
20101214,1
20080320,1
20140303,1
20161013,2
20201216,6
20110719,1
20191211,1
20180620,1
20200209,3
20110513,2
20180128,4
20131229,3
20101115,1
20140911,3
20180802,1
20160306,2
20120828,3
20130808,1
20100727,2
20180626,1
20110117,2
20070831,3
20080512,1
20150109,1
20110302,1
20130524,2
20061208,1
20180129,1
20200506,1
20171228,2
20190424,3
20181020,2
20160525,2
20070125,1
20061129,2
20150207,2
20190427,2
20180315,1
20131025,1
20091204,1
20130121,1
20060112,2
20120103,2
20120625,2
20110722,2
20191228,3
20170923,1
20120115,1
20190618,1
20131009,1
20071022,2
20200116,2
20120228,1
20130418,1
20140108,2
20120412,1
20150922,3
20190911,3
20121029,2
20110514,3
20071026,2
20191105,2
20100510,2
20090410,2
20150404,2
20120102,2
20150707,3
20080217,2
20060212,2
20150107,1
20130608,2
20140112,1
20160923,1
20121103,1
20161205,2
20060322,2
20080102,1
20060802,3
20080305,1
20080301,2
20121019,2
20190310,2
20190603,2
20110224,2
20130508,1
20111006,1
20150218,3
20140424,2
20171208,3
20070308,3
20190420,2
20101124,2
20140405,1
20070917,1
20160921,4
20120309,1
20150910,1
20150520,1
20160714,1
20110922,2
20150916,1
20120430,1
20100910,3
20060516,1
20170315,2
20150618,2
20090125,2
20110331,1
20160727,1
20060412,1
20180316,1
20100213,1
20160302,1
20190201,1
20140904,1
20160327,2
20150519,3
20130301,2
20080723,1
20100312,2
20150422,1
20090302,2
20090422,1
20160919,1
20161107,1
20181105,2
20120413,1
20120107,3
20180105,1
20190217,2
20191229,1
20200508,1
20070117,1
20200316,1
20080623,2
20171013,3
20200301,1
20130514,2
20110929,2
20201201,2
20160124,1
20130826,3
20190223,2
20200604,2
20110310,2
20120214,1
20130125,1
20060126,1
20171021,2
20190701,2
20100818,1
20160323,1
20191030,1
20130504,1
20170802,1
20190814,2
20081203,2
20200518,1
20130210,2
20101017,2
20141224,1
20081210,3
20131106,1
20070821,1
20130922,1
20190326,1
20131101,3
20060720,1
20140501,1
20140324,1
20160208,1
20150320,1
20160512,1
20070905,2
20170930,1
20171119,1
20140415,2
20090618,2
20200404,1
20190910,1
20110209,2
20100107,1
20170813,2
20120411,2
20151115,3
20121129,2
20111207,1
20171114,1
20200222,1
20140522,1
20200207,1
20100408,1
20141013,2
20161111,1
20150420,1
20120913,1
20140215,1
20070425,1
20130523,1
20110404,1
20180421,1
20190401,1
20070130,1
20160710,2
20160418,1
20070318,2
20090803,2
20100504,1
20101123,2
20060804,1
20160201,1
20131218,1
20160806,4
20060701,2
20160517,2
20200319,1
20110324,1
20091223,1
20090902,1
20191125,1
20151114,1
20070429,1
20140529,1
20121228,2
20071207,1
20201102,2
20191126,1
20081030,1
20160811,3
20160628,1
20121116,1
20191007,2
20150827,1
20170111,1
20160503,2
20180318,1
20101008,1
20180310,2
20120829,1
20180925,1
20100513,1
20160127,1
20170113,1
20101104,1
20180303,1
20140514,1
20100223,1
20121105,1
20180930,1
20200402,1
20130426,1
20160606,2
20140914,1
20150410,2
20170512,1
20180814,1
20190702,1
20170206,1
20090504,1
20070213,1
20090223,1
20150317,2
20140814,1
20180329,1
20170224,1
20170927,1
20180702,1
20170328,2
20130215,2
20180215,1
20110314,1
20060519,1
20170712,2
20131125,1
20160617,1
20150430,1
20190514,1
20110422,1
20171007,1
20080430,2
20180510,1
20190930,1
20200211,1
20110125,1
20140211,1
20191001,1
20170525,2
20110217,2
20201016,1
20180928,1
20060407,1
20191130,1
20171022,1
20130222,1
20130313,1
20161202,1
20200223,1
20161213,2
20191208,1
20191123,1
20131013,1
20180425,1
20111019,1
20100524,1
20070613,1
20130805,1
20180221,1
20140928,2
20200323,1
20140924,1
20170217,1
20181207,1
20201215,2
20180816,2
20201217,1
20190216,1
20200922,2
20201202,1
20170715,1
20140307,1
20090430,1
20160430,1
20180411,1
20140117,1
20070222,1
20131002,1
20170303,1
20171201,1
20140217,2
20130618,1
20170908,1
20160202,1
20190905,1
20150202,1
20191017,1
20080709,1
20100127,1
20090518,1
20170120,1
20170523,1
20150324,1
20160622,1
20150602,2
20200723,1
20190417,1
20141007,1
20140408,1
20110208,1
20130801,1
20130117,1
20140228,1
20191022,1
20131022,1
20130716,1
20151118,1
20070412,1
20090604,1
20130430,1
20110330,1
20100701,1
20070501,1
20121207,1
20160831,1
20081128,1
20161228,1
20171214,1
20120806,1
20151029,1
20080116,1
20160429,1
20130528,1
20090309,1
20190925,1
20170209,1
20141030,1
20120503,1
20170906,1
20060509,1
20160426,1
20090904,1
20140106,1
20180503,1
20090512,1
20061017,1
20180403,1
20110614,1
20140212,1
20121115,1
20191214,1
